{
  "ie": {
    "6": 0,
    "7": 0.015921679566263947,
    "8": 0.01614727284622191,
    "9": 0.0920984565428385,
    "10": 0.07867999471764658,
    "11": 3.92563109286235
  },
  "edge": {
    "12": 0.014099579997372706,
    "13": 0.16224928994515134,
    "14": 2.6416018649969986,
    "15": 0.2560527110845952,
    "16": 0
  },
  "firefox": {
    "2": 0.0006811181721807737,
    "3": 0.0004555248922228105,
    "4": 0.0013665746766684315,
    "5": 0,
    "6": 0,
    "7": 0,
    "8": 0.00011279663997898166,
    "9": 0,
    "10": 0.0005683215322017921,
    "11": 0.00409538569769841,
    "12": 0.003071539273273808,
    "13": 0.0002255932799579633,
    "14": 0,
    "15": 0.0002255932799579633,
    "16": 0.016260069486200894,
    "17": 0.0026116760487441136,
    "18": 0.0002255932799579633,
    "19": 0,
    "20": 0.0013622363443615475,
    "21": 0,
    "22": 0,
    "23": 0.0002255932799579633,
    "24": 0.004433775617635355,
    "25": 0.003978250725412545,
    "26": 0.0018134229042774744,
    "27": 0.0017006262642984926,
    "28": 0.0028416076610089606,
    "29": 0.0037526574454545816,
    "30": 0.007388179918623299,
    "31": 0.013986783357393723,
    "32": 0.0036355224731687164,
    "33": 0.007049789998686353,
    "34": 0.001245101372075682,
    "35": 0.0067027234141356406,
    "36": 0.010798109111834051,
    "37": 0.004776503869879185,
    "38": 0.04661104230516072,
    "39": 0.013639716772843011,
    "40": 0.013075733572948103,
    "41": 0.01296293693296912,
    "42": 0.03684111795005816,
    "43": 0.045591534213043,
    "44": 0.01704530763374688,
    "45": 0.24184467277955043,
    "46": 0.02535755233373645,
    "47": 0.08766468092520316,
    "48": 0.7391693967791874,
    "49": 0.09266677807504031,
    "50": 1.1814710521306158,
    "51": 2.8163498903182824,
    "52": 2.692312631332165,
    "53": 2.4287502670243533,
    "54": 0.73496121444151,
    "55": 0.006368671826505579,
    "56": 0.0006811181721807737,
    "57": 0,
    "3.5": 0.0004511865599159266,
    "3.6": 0.0036268458085549488
  },
  "chrome": {
    "4": 0,
    "5": 0.00011279663997898166,
    "6": 0,
    "7": 0,
    "8": 0,
    "9": 0,
    "10": 0,
    "11": 0.013531258465170913,
    "12": 0,
    "13": 0,
    "14": 0,
    "15": 0,
    "16": 0,
    "17": 0.00034272825224382884,
    "18": 0.00011279663997898166,
    "19": 0,
    "20": 0.0009067114521387372,
    "21": 0.009670142712044236,
    "22": 0,
    "23": 0.0026160143810509975,
    "24": 0.00033838991993694496,
    "25": 0.0004555248922228105,
    "26": 0.002728811021029979,
    "27": 0.006138740214240732,
    "28": 0.0007939148121597554,
    "29": 0.0013578980120546639,
    "30": 0.00011279663997898166,
    "31": 0.002494541076458248,
    "32": 0.008186433063089938,
    "33": 0.004889300509858166,
    "34": 0.011379445640956495,
    "35": 0.005453283709753075,
    "36": 0.012733005320704274,
    "37": 0.016476986101545087,
    "38": 0.029899786259043902,
    "39": 0.006594265106463543,
    "40": 0.0493398533261907,
    "41": 0.03273705558774598,
    "42": 0.009665804379737351,
    "43": 0.18669145416213528,
    "44": 0.013639716772843011,
    "45": 0.01624705448928024,
    "46": 0.015331666372527737,
    "47": 0.025114605724550956,
    "48": 0.027383553521051235,
    "49": 1.1762129933746723,
    "50": 0.019999711934734824,
    "51": 0.09980767305217123,
    "52": 0.03330971545225466,
    "53": 0.053326780716217013,
    "54": 0.10391607374679028,
    "55": 3.2663694388436575,
    "56": 6.003132622992155,
    "57": 2.7689058882102002,
    "58": 4.066770057802204,
    "59": 0.9291146001714856,
    "60": 0.010312215893463053,
    "61": 0.005891455272748349,
    "62": 0
  },
  "safari": {
    "4": 0.003071539273273808,
    "5": 0.04661538063746761,
    "6": 0.010459719191897105,
    "7": 0.03842894757437767,
    "8": 0.11847551696869268,
    "9": 0.16827523351941306,
    "10": 2.663323894857567,
    "11": 0.00011279663997898166,
    "3.1": 0,
    "3.2": 0,
    "5.1": 0.16542928752609723,
    "6.1": 0.19930732451055366,
    "7.1": 0.007726569838560243,
    "9.1": 1.0195471371084806,
    "10.1": 1.8185247830703695,
    "TP": 0
  },
  "opera": {
    "15": 0,
    "16": 0,
    "17": 0,
    "18": 0,
    "19": 0,
    "20": 0.0010238464244246026,
    "21": 0.00033838991993694496,
    "22": 0.0002255932799579633,
    "23": 0,
    "24": 0.0011366430644035841,
    "25": 0.0002255932799579633,
    "26": 0.0002255932799579633,
    "27": 0.002160489488828187,
    "28": 0.0002255932799579633,
    "29": 0,
    "30": 0.0010238464244246026,
    "31": 0,
    "32": 0,
    "33": 0.0005639831998949082,
    "34": 0.00033838991993694496,
    "35": 0.0007939148121597554,
    "36": 0.029227344751476897,
    "37": 0.0031756592486390216,
    "38": 0.00033838991993694496,
    "39": 0.0002255932799579633,
    "40": 0.00033838991993694496,
    "41": 0.00011279663997898166,
    "42": 0.028524534917761704,
    "43": 0.07605530367198181,
    "44": 0.020338101854671768,
    "45": 0.03819467762980594,
    "46": 0.007618111530888145,
    "47": 0,
    "48": 0.0002255932799579633,
    "10.0-10.1": 0.00011279663997898166,
    "11.5": 0,
    "12.1": 0.01784356077821352
  },
  "ios_saf": {
    "8": 0.0335396470645195,
    "11": 0.0032971325532317715,
    "3.2": 0.0006811181721807737,
    "4.0-4.1": 0,
    "4.2-4.3": 0.010572515831876088,
    "5.0-5.1": 0.0609362155824914,
    "6.0-6.1": 0.1225709026663911,
    "7.0-7.1": 0.5514410811957069,
    "8.1-8.4": 0.7605400217228975,
    "9.0-9.2": 0.452965276161749,
    "9.3": 3.9818905862180203,
    "10.0-10.2": 17.795587499563997,
    "10.3": 7.224195295755393
  },
  "op_mini": { "all": 0.011579008927073154 },
  "android": {
    "3": 0.0026160143810509975,
    "4": 0.032290207360136935,
    "56": 0,
    "2.1": 0,
    "2.2": 0.00011279663997898166,
    "2.3": 0.024099435964740117,
    "4.1": 0.1902185183276319,
    "4.2-4.3": 0.23024397219094284,
    "4.4": 0.1797544608034279,
    "4.4.3-4.4.4": 0
  },
  "bb": { "7": 0.002720134356416211, "10": 0.08050209428653783 },
  "op_mob": {
    "12": 0.024351059238539384,
    "37": 0.024351059238539384,
    "12.1": 0.024351059238539384
  },
  "and_chr": { "59": 13.546642191531125 },
  "and_ff": { "54": 0.7832511913494348 },
  "ie_mob": { "10": 0, "11": 0 },
  "and_uc": { "11.4": 0.004650692232979551 },
  "samsung": { "4": 0, "5": 0 },
  "and_qq": { "1.2": 0 },
  "baidu": { "7.12": 0 }
}
